title,link
常山概况,http://cscatv.com/about/index.html
本地新闻,http://cscatv.com/news/csxw/
领导活动,http://cscatv.com/ldhd/
市民热线,http://cscatv.com/smrx/
通知公告,http://cscatv.com/tzgg/
广电动态,http://cscatv.com/gddt/
政策法规,http://cscatv.com/zcfg/
政务公开,http://cscatv.com/zwgk/
信息播报,http://cscatv.com/hyxx/
常山论坛,http://bbs.cscatv.com/
常山房产,http://cscatv.com/house/
常山旅游,http://cscatv.com/lvyou/
招聘招生,http://cscatv.com/byxx/zpzs/
商业信息,http://cscatv.com/byxx/syxx/
家居建材,http://cscatv.com/home/
汽车频道,http://cscatv.com/auto/
数字电视,http://cscatv.com/szds/
精彩视频,http://cscatv.com/video/
旅游,http://cscatv.com/lvyou/
教育,http://cscatv.com/edu/
机关效能,http://www.csjgxn110.gov.cn/
